[{"model": "football.country", "pk": 1, "fields": {"title": "England", "slug": "england"}}, {"model": "football.country", "pk": 2, "fields": {"title": "Spain", "slug": "spain"}}, {"model": "football.country", "pk": 3, "fields": {"title": "Germany", "slug": "germany"}}, {"model": "football.country", "pk": 4, "fields": {"title": "Italy", "slug": "italy"}}, {"model": "football.country", "pk": 5, "fields": {"title": "France", "slug": "france"}}, {"model": "football.country", "pk": 6, "fields": {"title": "Ukraine", "slug": "ukraine"}}, {"model": "football.newspage", "pk": 2, "fields": {"pub_date": "2018-07-09T11:35:50Z", "text": "Daniele De Rossi turns 35 today as the longest-serving one-club man currently active in Europe's top leagues. A worthy successor to Francesco Totti, who stuck by the Giallorossi for 25 seasons before retiring in 2017, the Rome native is now preparing for", "title": "Roma's De Rossi tops list of modern one-club men", "country": 4, "slug": "romas-de-rossi-tops-list-of-modern-one-club-men", "image": "ney.jpg"}}, {"model": "football.newspage", "pk": 6, "fields": {"pub_date": "2018-07-17T15:24:23Z", "text": "Brazilian winger Malcom has passed a medical at Barcelona before his \u00a336.5m move from Bordeaux.  The deal was announced on Tuesday after the Spanish champions beat Roma to the signature of the 21-year-old.  \"This is a boyhood dream come true,\" said Malcom", "title": "Malcom passes Barcelona medical for \u00a336.5m move from Bordeaux", "country": 2, "slug": "malcom-passes-barcelona-medical-for-365m-move-from-bordeaux", "image": "image field"}}, {"model": "football.newspage", "pk": 7, "fields": {"pub_date": "2018-07-10T03:00:00Z", "text": "Burnley's players are feeling excited as they prepare to play in the club's first European match for 51 years, says defender James Tarkowski.  The Clarets face Scottish Premiership Aberdeen in the second qualifying round of the Europa League on Thursday.", "title": "Europa League: Burnley players 'excited' for Aberdeen tie - James Tarkowski", "country": 1, "slug": "europa-league-burnley-players-excited-for-aberdeen-tie-james-tarkowski", "image": "image field"}}, {"model": "football.newspage", "pk": 8, "fields": {"pub_date": "2018-07-02T21:00:00Z", "text": "Premier League newcomers Wolves have signed Portugal midfielder Joao Moutinho from Monaco for \u00a35m on a two-year deal.  The 31-year-old follows Portugal goalkeeper Rui Patricio to Molineux and should partner Ruben Neves in midfield.  With 113 caps, Moutinh", "title": "Joao Moutinho: Wolves sign Portugal midfielder from Monaco", "country": 1, "slug": "joao-moutinho-wolves-sign-portugal-midfielder-from-monaco", "image": "image field"}}, {"model": "football.newspage", "pk": 9, "fields": {"pub_date": "2018-07-02T10:19:25Z", "text": "Haratin scores to f.c.Lviv dasdsaddddddddddddddddddddasdsadasd", "title": "Haratin scores to f.c.Lviv", "country": 6, "slug": "haratin-scores-to-fclviv", "image": "ney_7XaX0BP.jpg"}}, {"model": "football.newspage", "pk": 10, "fields": {"pub_date": "2018-07-27T12:37:26Z", "text": "Neymar go to Spain and won the match", "title": "Neymar go to Spain", "country": 2, "slug": "neymar-go-to-spain", "image": "ney_CnqBuuT.jpg"}}, {"model": "football.newspage", "pk": 11, "fields": {"pub_date": "2018-07-27T13:33:08Z", "text": "cxcz", "title": "sokol", "country": 6, "slug": "sokol", "image": "il.jpg"}}, {"model": "football.newspage", "pk": 12, "fields": {"pub_date": "2018-08-21T03:00:00Z", "text": "dsadasdfds", "title": "FUTSA", "country": 6, "slug": "futsa", "image": "image field"}}, {"model": "football.newspage", "pk": 13, "fields": {"pub_date": "2018-09-10T21:00:00Z", "text": "Germany", "title": "Germany", "country": 3, "slug": "germany", "image": "image field"}}, {"model": "football.comment", "pk": 1, "fields": {"comment_text": "dasda", "pub_date": "2018-07-17T11:35:50Z", "news_page": 10, "user": 11, "father_comment": null}}, {"model": "football.comment", "pk": 2, "fields": {"comment_text": "fdsfds", "pub_date": "2018-08-11T12:10:01.145Z", "news_page": 7, "user": 12, "father_comment": null}}, {"model": "football.comment", "pk": 3, "fields": {"comment_text": "TEst", "pub_date": "2018-08-11T12:13:34.266Z", "news_page": 7, "user": 12, "father_comment": null}}, {"model": "football.comment", "pk": 4, "fields": {"comment_text": "fdsfs", "pub_date": "2018-08-11T12:13:46.353Z", "news_page": 7, "user": 12, "father_comment": null}}, {"model": "football.comment", "pk": 5, "fields": {"comment_text": "fdsfsdfdsf", "pub_date": "2018-08-11T12:16:37.164Z", "news_page": 9, "user": 12, "father_comment": null}}, {"model": "football.comment", "pk": 6, "fields": {"comment_text": "fdsffds", "pub_date": "2018-08-11T12:16:48.088Z", "news_page": 9, "user": 12, "father_comment": null}}, {"model": "football.comment", "pk": 7, "fields": {"comment_text": "tet", "pub_date": "2018-08-13T12:20:00.866Z", "news_page": 2, "user": 12, "father_comment": null}}, {"model": "football.comment", "pk": 8, "fields": {"comment_text": "v", "pub_date": "2018-08-13T15:00:13.254Z", "news_page": 6, "user": 12, "father_comment": null}}, {"model": "football.comment", "pk": 9, "fields": {"comment_text": "dsa", "pub_date": "2018-08-13T15:49:56.434Z", "news_page": 6, "user": 11, "father_comment": null}}, {"model": "football.comment", "pk": 10, "fields": {"comment_text": "das", "pub_date": "2018-08-13T15:50:00.486Z", "news_page": 6, "user": 11, "father_comment": null}}, {"model": "football.comment", "pk": 11, "fields": {"comment_text": "as", "pub_date": "2018-08-14T12:51:15.265Z", "news_page": 11, "user": 16, "father_comment": null}}, {"model": "football.comment", "pk": 12, "fields": {"comment_text": "sad", "pub_date": "2018-08-14T13:00:29.291Z", "news_page": 6, "user": 17, "father_comment": null}}, {"model": "football.comment", "pk": 13, "fields": {"comment_text": "dsadasd", "pub_date": "2018-08-14T13:00:35.454Z", "news_page": 6, "user": 17, "father_comment": null}}, {"model": "football.comment", "pk": 14, "fields": {"comment_text": "\u0432\u0444\u0456\u0432", "pub_date": "2018-08-14T14:27:45.660Z", "news_page": 2, "user": 11, "father_comment": null}}, {"model": "football.comment", "pk": 15, "fields": {"comment_text": "sfd", "pub_date": "2018-08-14T14:35:40.869Z", "news_page": 7, "user": 11, "father_comment": null}}, {"model": "football.comment", "pk": 16, "fields": {"comment_text": "dad", "pub_date": "2018-08-14T14:44:28.011Z", "news_page": 7, "user": 11, "father_comment": null}}, {"model": "football.comment", "pk": 17, "fields": {"comment_text": "e", "pub_date": "2018-08-14T14:44:34.883Z", "news_page": 7, "user": 11, "father_comment": null}}, {"model": "football.comment", "pk": 18, "fields": {"comment_text": "das", "pub_date": "2018-08-14T15:09:23.686Z", "news_page": 6, "user": 11, "father_comment": null}}, {"model": "football.comment", "pk": 19, "fields": {"comment_text": "Brazilian winger Malcom has passed a medical at Barcelona before his \u00a336.5m move from Bordeaux. The deal was announced on Tuesday after the Spanish champions beat Roma to the signature of the 21-year-old. \"This is a boyhood dream come true,\" said Malcom", "pub_date": "2018-08-14T15:09:34.017Z", "news_page": 6, "user": 11, "father_comment": null}}, {"model": "football.comment", "pk": 20, "fields": {"comment_text": "dsc", "pub_date": "2018-08-14T15:15:02.495Z", "news_page": 2, "user": 11, "father_comment": null}}, {"model": "football.comment", "pk": 21, "fields": {"comment_text": "x", "pub_date": "2018-08-14T15:26:31.354Z", "news_page": 8, "user": 11, "father_comment": null}}, {"model": "football.comment", "pk": 22, "fields": {"comment_text": "Premier League newcomers Wolves have signed Portugal midfielder Joao Moutinho from Monaco for \u00a35m on a two-year deal. The 31-year-old follows Portugal goalkeeper Rui Patricio to Molineux and should partner Ruben Neves in midfield. With 113 caps, Moutinh", "pub_date": "2018-08-14T15:57:45.009Z", "news_page": 8, "user": 11, "father_comment": null}}, {"model": "football.comment", "pk": 23, "fields": {"comment_text": "Premier League newcomers Wolves have signed Portugal midfielder Joao Moutinho from Monaco for \u00a35m on a two-year deal. The 31-year-old follows Portugal goalkeeper Rui Patricio to Molineux and should partner Ruben Neves in midfield. With 113 caps, Moutinh", "pub_date": "2018-08-14T16:08:11.676Z", "news_page": 8, "user": 11, "father_comment": null}}, {"model": "football.comment", "pk": 24, "fields": {"comment_text": "ds", "pub_date": "2018-08-14T16:11:47.038Z", "news_page": 8, "user": 11, "father_comment": null}}, {"model": "football.comment", "pk": 25, "fields": {"comment_text": "http://127.0.0.1:8000/football/news_page/joao-moutinho-wolves-sign-portugal-midfielder-from-monaco/", "pub_date": "2018-08-14T16:13:13.959Z", "news_page": 8, "user": 11, "father_comment": null}}, {"model": "football.comment", "pk": 26, "fields": {"comment_text": "fds", "pub_date": "2018-08-14T16:15:22.444Z", "news_page": 9, "user": 11, "father_comment": null}}, {"model": "football.comment", "pk": 31, "fields": {"comment_text": "ds", "pub_date": "2018-08-20T12:36:27.040Z", "news_page": 8, "user": 12, "father_comment": null}}, {"model": "football.comment", "pk": 32, "fields": {"comment_text": "sa", "pub_date": "2018-08-20T12:36:30.372Z", "news_page": 8, "user": 12, "father_comment": null}}, {"model": "football.comment", "pk": 33, "fields": {"comment_text": "I can't beilive in it", "pub_date": "2018-08-20T12:36:54.348Z", "news_page": 8, "user": 12, "father_comment": null}}, {"model": "football.comment", "pk": 34, "fields": {"comment_text": "asdsadasdas", "pub_date": "2018-08-27T15:47:09.330Z", "news_page": 9, "user": 12, "father_comment": null}}, {"model": "football.comment", "pk": 35, "fields": {"comment_text": "das", "pub_date": "2018-08-30T14:21:43.417Z", "news_page": 11, "user": 11, "father_comment": null}}, {"model": "football.comment", "pk": 36, "fields": {"comment_text": "xz", "pub_date": "2018-08-30T15:33:42.925Z", "news_page": 11, "user": 11, "father_comment": null}}, {"model": "football.comment", "pk": 37, "fields": {"comment_text": "ZEKA", "pub_date": "2018-08-31T11:48:52.140Z", "news_page": 10, "user": 11, "father_comment": null}}, {"model": "football.comment", "pk": 38, "fields": {"comment_text": "comment1", "pub_date": "2018-08-31T11:59:59.852Z", "news_page": 2, "user": 11, "father_comment": null}}, {"model": "football.comment", "pk": 39, "fields": {"comment_text": "comment2", "pub_date": "2018-08-31T12:00:10.935Z", "news_page": 2, "user": 11, "father_comment": 38}}, {"model": "football.comment", "pk": 40, "fields": {"comment_text": "comment3", "pub_date": "2018-08-31T12:00:29.020Z", "news_page": 2, "user": 11, "father_comment": 38}}, {"model": "football.comment", "pk": 41, "fields": {"comment_text": "\u0432", "pub_date": "2018-08-31T13:04:19.353Z", "news_page": 10, "user": 12, "father_comment": null}}, {"model": "football.comment", "pk": 42, "fields": {"comment_text": "\u0443", "pub_date": "2018-08-31T13:04:24.304Z", "news_page": 10, "user": 12, "father_comment": null}}, {"model": "football.comment", "pk": 43, "fields": {"comment_text": "vv", "pub_date": "2018-08-31T14:15:36.777Z", "news_page": 9, "user": 12, "father_comment": null}}, {"model": "football.comment", "pk": 44, "fields": {"comment_text": "vcx", "pub_date": "2018-08-31T14:15:41.433Z", "news_page": 9, "user": 12, "father_comment": null}}, {"model": "football.comment", "pk": 45, "fields": {"comment_text": "eqqq", "pub_date": "2018-08-31T14:15:47.936Z", "news_page": 9, "user": 12, "father_comment": null}}, {"model": "football.comment", "pk": 46, "fields": {"comment_text": "wq", "pub_date": "2018-08-31T14:16:17.078Z", "news_page": 9, "user": 12, "father_comment": null}}, {"model": "football.comment", "pk": 47, "fields": {"comment_text": "dsa", "pub_date": "2018-08-31T14:37:23.118Z", "news_page": 11, "user": 12, "father_comment": null}}, {"model": "football.comment", "pk": 48, "fields": {"comment_text": "dd", "pub_date": "2018-08-31T14:37:36.401Z", "news_page": 10, "user": 12, "father_comment": null}}, {"model": "football.comment", "pk": 49, "fields": {"comment_text": "as", "pub_date": "2018-08-31T14:37:40.924Z", "news_page": 10, "user": 12, "father_comment": null}}, {"model": "football.comment", "pk": 50, "fields": {"comment_text": "\u043a\u0443", "pub_date": "2018-08-31T15:56:17.973Z", "news_page": 10, "user": 12, "father_comment": null}}, {"model": "football.comment", "pk": 51, "fields": {"comment_text": "\u0439", "pub_date": "2018-08-31T15:56:23.194Z", "news_page": 10, "user": 12, "father_comment": null}}, {"model": "football.comment", "pk": 52, "fields": {"comment_text": "hh", "pub_date": "2018-08-31T16:24:02.584Z", "news_page": 6, "user": 12, "father_comment": null}}, {"model": "football.comment", "pk": 53, "fields": {"comment_text": "v", "pub_date": "2018-08-31T16:31:04.695Z", "news_page": 2, "user": 12, "father_comment": null}}, {"model": "football.comment", "pk": 54, "fields": {"comment_text": "v", "pub_date": "2018-08-31T16:31:10.435Z", "news_page": 2, "user": 12, "father_comment": null}}, {"model": "football.comment", "pk": 55, "fields": {"comment_text": "dd", "pub_date": "2018-09-03T08:29:40.350Z", "news_page": 10, "user": 12, "father_comment": null}}, {"model": "football.comment", "pk": 56, "fields": {"comment_text": "wed", "pub_date": "2018-09-03T08:29:46.474Z", "news_page": 10, "user": 12, "father_comment": null}}, {"model": "football.comment", "pk": 57, "fields": {"comment_text": "qw", "pub_date": "2018-09-03T08:33:46.280Z", "news_page": 10, "user": 12, "father_comment": null}}, {"model": "football.comment", "pk": 58, "fields": {"comment_text": "qw", "pub_date": "2018-09-03T08:35:31.442Z", "news_page": 2, "user": 12, "father_comment": null}}, {"model": "football.comment", "pk": 59, "fields": {"comment_text": "eq", "pub_date": "2018-09-03T08:38:00.038Z", "news_page": 9, "user": 12, "father_comment": null}}, {"model": "football.comment", "pk": 60, "fields": {"comment_text": "qw", "pub_date": "2018-09-03T08:38:05.049Z", "news_page": 9, "user": 12, "father_comment": null}}, {"model": "football.comment", "pk": 61, "fields": {"comment_text": "vv", "pub_date": "2018-09-03T09:06:41.089Z", "news_page": 12, "user": 12, "father_comment": null}}, {"model": "football.comment", "pk": 62, "fields": {"comment_text": "q", "pub_date": "2018-09-03T09:06:45.801Z", "news_page": 12, "user": 12, "father_comment": null}}, {"model": "football.comment", "pk": 63, "fields": {"comment_text": "ww", "pub_date": "2018-09-03T09:06:55.249Z", "news_page": 12, "user": 12, "father_comment": null}}, {"model": "football.comment", "pk": 64, "fields": {"comment_text": "ww", "pub_date": "2018-09-03T09:07:00.582Z", "news_page": 12, "user": 12, "father_comment": null}}, {"model": "football.comment", "pk": 65, "fields": {"comment_text": "dd", "pub_date": "2018-09-03T09:07:13.583Z", "news_page": 12, "user": 12, "father_comment": null}}, {"model": "football.comment", "pk": 66, "fields": {"comment_text": "q", "pub_date": "2018-09-03T09:13:17.105Z", "news_page": 12, "user": 12, "father_comment": null}}, {"model": "football.comment", "pk": 67, "fields": {"comment_text": "q", "pub_date": "2018-09-03T09:13:19.906Z", "news_page": 12, "user": 12, "father_comment": null}}, {"model": "football.comment", "pk": 68, "fields": {"comment_text": "com1", "pub_date": "2018-09-03T09:15:58.688Z", "news_page": 13, "user": 11, "father_comment": null}}, {"model": "football.comment", "pk": 69, "fields": {"comment_text": "com2", "pub_date": "2018-09-03T09:16:13.293Z", "news_page": 13, "user": 11, "father_comment": 68}}, {"model": "football.comment", "pk": 79, "fields": {"comment_text": "1", "pub_date": "2018-09-03T09:33:52.399Z", "news_page": 13, "user": 12, "father_comment": null}}, {"model": "football.comment", "pk": 80, "fields": {"comment_text": "2", "pub_date": "2018-09-03T09:34:00.217Z", "news_page": 13, "user": 12, "father_comment": null}}, {"model": "football.comment", "pk": 81, "fields": {"comment_text": "2", "pub_date": "2018-09-03T09:34:03.318Z", "news_page": 13, "user": 12, "father_comment": null}}, {"model": "football.comment", "pk": 82, "fields": {"comment_text": "2", "pub_date": "2018-09-03T09:34:14.299Z", "news_page": 13, "user": 12, "father_comment": null}}, {"model": "football.comment", "pk": 83, "fields": {"comment_text": "2", "pub_date": "2018-09-03T09:34:21.067Z", "news_page": 13, "user": 12, "father_comment": null}}, {"model": "football.comment", "pk": 84, "fields": {"comment_text": "2", "pub_date": "2018-09-03T09:34:24.343Z", "news_page": 13, "user": 12, "father_comment": null}}, {"model": "football.comment", "pk": 85, "fields": {"comment_text": "9", "pub_date": "2018-09-03T09:34:35.603Z", "news_page": 13, "user": 12, "father_comment": null}}, {"model": "football.comment", "pk": 86, "fields": {"comment_text": "g", "pub_date": "2018-09-03T11:10:29.329Z", "news_page": 13, "user": 12, "father_comment": null}}, {"model": "football.comment", "pk": 87, "fields": {"comment_text": "fs", "pub_date": "2018-09-03T16:35:14.373Z", "news_page": 13, "user": 12, "father_comment": null}}, {"model": "football.comment", "pk": 88, "fields": {"comment_text": "d", "pub_date": "2018-09-03T16:40:02.836Z", "news_page": 13, "user": 12, "father_comment": null}}, {"model": "football.comment", "pk": 89, "fields": {"comment_text": "q", "pub_date": "2018-09-03T16:45:37.854Z", "news_page": 13, "user": 12, "father_comment": null}}, {"model": "football.comment", "pk": 90, "fields": {"comment_text": "d", "pub_date": "2018-09-03T16:47:10.563Z", "news_page": 13, "user": 12, "father_comment": null}}, {"model": "football.comment", "pk": 91, "fields": {"comment_text": "2", "pub_date": "2018-09-03T16:49:31.693Z", "news_page": 13, "user": 12, "father_comment": null}}, {"model": "football.comment", "pk": 92, "fields": {"comment_text": "3", "pub_date": "2018-09-03T16:53:18.857Z", "news_page": 13, "user": 12, "father_comment": null}}, {"model": "football.comment", "pk": 93, "fields": {"comment_text": "4", "pub_date": "2018-09-03T16:53:42.693Z", "news_page": 13, "user": 12, "father_comment": null}}, {"model": "football.comment", "pk": 94, "fields": {"comment_text": "1", "pub_date": "2018-09-03T17:19:02.537Z", "news_page": 13, "user": 12, "father_comment": 93}}, {"model": "football.comment", "pk": 95, "fields": {"comment_text": "d", "pub_date": "2018-09-03T17:19:10.160Z", "news_page": 13, "user": 12, "father_comment": 93}}, {"model": "football.comment", "pk": 96, "fields": {"comment_text": "3", "pub_date": "2018-09-03T17:19:17.224Z", "news_page": 13, "user": 12, "father_comment": 91}}, {"model": "football.comment", "pk": 97, "fields": {"comment_text": "3", "pub_date": "2018-09-06T09:51:31.020Z", "news_page": 13, "user": 12, "father_comment": 92}}, {"model": "football.comment", "pk": 98, "fields": {"comment_text": "3123", "pub_date": "2018-09-06T09:51:38.495Z", "news_page": 13, "user": 12, "father_comment": 92}}, {"model": "football.comment", "pk": 99, "fields": {"comment_text": "2", "pub_date": "2018-09-06T12:11:09.970Z", "news_page": 11, "user": 12, "father_comment": 35}}, {"model": "football.comment", "pk": 100, "fields": {"comment_text": "wq", "pub_date": "2018-09-06T12:36:14.263Z", "news_page": 7, "user": 12, "father_comment": null}}, {"model": "football.comment", "pk": 101, "fields": {"comment_text": "w", "pub_date": "2018-09-06T12:36:18.112Z", "news_page": 7, "user": 12, "father_comment": 100}}, {"model": "football.comment", "pk": 102, "fields": {"comment_text": "d", "pub_date": "2018-09-06T13:08:21.795Z", "news_page": 13, "user": 12, "father_comment": null}}, {"model": "football.comment", "pk": 103, "fields": {"comment_text": "21", "pub_date": "2018-09-06T13:08:31.935Z", "news_page": 13, "user": 12, "father_comment": 102}}, {"model": "football.comment", "pk": 104, "fields": {"comment_text": "121", "pub_date": "2018-09-10T11:46:03.961Z", "news_page": 13, "user": 11, "father_comment": 85}}, {"model": "football.comment", "pk": 105, "fields": {"comment_text": "3", "pub_date": "2018-09-10T11:46:13.823Z", "news_page": 13, "user": 11, "father_comment": 85}}, {"model": "football.comment", "pk": 106, "fields": {"comment_text": "\u04391", "pub_date": "2018-09-10T14:53:36.773Z", "news_page": 8, "user": 11, "father_comment": null}}, {"model": "football.comment", "pk": 107, "fields": {"comment_text": "\u04392", "pub_date": "2018-09-10T14:53:42.892Z", "news_page": 8, "user": 11, "father_comment": 106}}, {"model": "football.comment", "pk": 108, "fields": {"comment_text": "1", "pub_date": "2018-09-10T15:24:15.379Z", "news_page": 12, "user": 11, "father_comment": null}}, {"model": "football.comment", "pk": 109, "fields": {"comment_text": "eqwewq", "pub_date": "2018-09-10T15:24:22.405Z", "news_page": 12, "user": 11, "father_comment": 61}}, {"model": "football.comment", "pk": 110, "fields": {"comment_text": "00", "pub_date": "2018-09-10T15:40:05.111Z", "news_page": 13, "user": 11, "father_comment": 102}}, {"model": "football.comment", "pk": 111, "fields": {"comment_text": "I knew it!!!", "pub_date": "2018-09-10T15:51:07.561Z", "news_page": 6, "user": 11, "father_comment": 19}}, {"model": "auth.user", "pk": 11, "fields": {"password": "pbkdf2_sha256$36000$jzB9Uv1EhLQy$FBmYqzweQ8s99NP+1e9HYuOp4e9OtAOxhuwptR8n1wI=", "last_login": "2018-09-10T15:50:45.884Z", "is_superuser": false, "username": "sokol", "first_name": "test", "last_name": "test", "email": "cv@qa.team", "is_staff": false, "is_active": true, "date_joined": "2018-08-07T14:38:19.369Z", "groups": [], "user_permissions": []}}, {"model": "auth.user", "pk": 13, "fields": {"password": "pbkdf2_sha256$36000$FGtctbeCZQEU$bevJT+wIBHwJMVCwXB3cMuHyO6c4RhtN1zYP9WAwUew=", "last_login": "2018-08-31T09:55:41.964Z", "is_superuser": true, "username": "pavilion", "first_name": "sa", "last_name": "sa", "email": "", "is_staff": true, "is_active": true, "date_joined": "2018-08-07T14:56:55Z", "groups": [], "user_permissions": []}}, {"model": "auth.user", "pk": 14, "fields": {"password": "pbkdf2_sha256$36000$WRQ0h9VWByEG$na2COFZCBMHke45qMn/C0WxQd9jBOXUQ8wSMgDzHia0=", "last_login": "2018-08-13T15:51:55.565Z", "is_superuser": false, "username": "fusa", "first_name": "", "last_name": "", "email": "fusa@mail.com", "is_staff": false, "is_active": true, "date_joined": "2018-08-13T15:51:55.042Z", "groups": [], "user_permissions": []}}, {"model": "auth.user", "pk": 15, "fields": {"password": "pbkdf2_sha256$36000$Yu8Y3kIa0LCe$6js6kB0UYtbY3p0SfvOt5M1jO1H1/ADfO6hFOGLxYjA=", "last_login": "2018-08-13T16:26:55.855Z", "is_superuser": false, "username": "loko", "first_name": "", "last_name": "loko", "email": "loko@mail.com", "is_staff": false, "is_active": true, "date_joined": "2018-08-13T16:26:55.223Z", "groups": [], "user_permissions": []}}, {"model": "auth.user", "pk": 16, "fields": {"password": "pbkdf2_sha256$36000$UdNhBDSqESIa$vw0FX+sAnww6IDNYpbTScamiBvtg1G4oU4fWv0nGvR4=", "last_login": "2018-08-13T16:29:37.353Z", "is_superuser": false, "username": "mama", "first_name": "mama", "last_name": "", "email": "mama@qa.team", "is_staff": false, "is_active": true, "date_joined": "2018-08-13T16:29:36.785Z", "groups": [], "user_permissions": []}}, {"model": "auth.user", "pk": 17, "fields": {"password": "pbkdf2_sha256$36000$CBPMvVyHPJku$XtTFooF5zSqhw8OnenkbaAClRYFHRUeYNiUGmrx7Svo=", "last_login": "2018-08-13T16:31:48.563Z", "is_superuser": false, "username": "fd", "first_name": "", "last_name": "", "email": "das@mq.te", "is_staff": false, "is_active": true, "date_joined": "2018-08-13T16:31:48.067Z", "groups": [], "user_permissions": []}}, {"model": "auth.user", "pk": 18, "fields": {"password": "pbkdf2_sha256$36000$Ts5rKqUR18Vq$58t8/xZnDFrZx4u2l7nfh8RX+vyUdFwHE4xcBzi1oEg=", "last_login": "2018-08-14T13:04:31.884Z", "is_superuser": false, "username": "ew", "first_name": "ew", "last_name": "ew", "email": "ew@mail.com", "is_staff": false, "is_active": true, "date_joined": "2018-08-14T12:51:54.993Z", "groups": [], "user_permissions": []}}, {"model": "football.userprofile", "pk": 11, "fields": {"user": 11, "avatar": "profile_images/IMG_7362_gGrOCt4.JPG", "slug": "sokol", "username": "sokol"}}, {"model": "football.userprofile", "pk": 12, "fields": {"user": 13, "avatar": "profile_images/IMG_7359_GRHLM9p.JPG", "slug": "pavilion", "username": "pavilion"}}, {"model": "football.userprofile", "pk": 13, "fields": {"user": 14, "avatar": "", "slug": "fusa", "username": ""}}, {"model": "football.userprofile", "pk": 14, "fields": {"user": 15, "avatar": "", "slug": "loko", "username": ""}}, {"model": "football.userprofile", "pk": 15, "fields": {"user": 16, "avatar": "", "slug": "mama", "username": "<django.db.models.query_utils.DeferredAttribute object at 0x03604330>"}}, {"model": "football.userprofile", "pk": 16, "fields": {"user": 17, "avatar": "profile_images/IMG_7359_G8z8Zyc.JPG", "slug": "fd", "username": "fd"}}, {"model": "football.userprofile", "pk": 17, "fields": {"user": 18, "avatar": "", "slug": "ew", "username": "ew"}}]